,Name,Rating,Genre,Year,Score,Votes,Director,Writter,Star,Country,Budget,Gross,Company,Runtime
0,Malnazidos,TV-MA,Action,2020,5.7,2600,Alberto de Toro,Javier Ruiz Caldera,Cristian Conti,United States,107786213,3635438586,,101
1,Tenet,C16,Action,2020,7.3,478000,Christopher Nolan,Christopher Nolan,Robert Pattinson,South Korea,406704925,2356165450,,150
2,Enola Holmes,C13,Action,2020,6.6,166000,Harry Bradbeer,Jack Thorne,Arthur Conan Doyle,South Korea,378096833,2118191136,,123
3,Spree,Not Rated,Action,2020,5.9,12000,Eugene Kotlyarenko,Eugene Kotlyarenko,Joe Keery,China,132621140,4770629377,,93
4,Birds of Prey and the Fantabulous Emancipation of One Harley Quinn,C18,Action,2020,6.0,232000,Cathy Yan,Christina Hodson,Bruce Timm,United States,268012627,2900488805,,109
5,Sonic the Hedgehog,P,Action,2020,6.5,135000,Jeff Fowler,Pat Casey,Ben Schwartz,United States,64507694,4340020101,,99
6,Soul,P,Animation,2020,8.0,316000,Pete Docter,Kemp Powers,Mike Jones,United States,469606224,3207361719,,100
7,Onward,P,Animation,2020,7.4,145000,Dan Scanlon,Dan Scanlon,Jason Headley,China,418720669,880334710,,102
8,The Croods: A New Age,P,Animation,2020,6.9,42000,Joel Crawford,Kevin Hageman,Paul Fisher,China,360959101,3577167765,,95
9,Kimetsu no Yaiba: Mugen Ressha-Hen,C13,Animation,2020,8.2,54000,Haruo Sotozaki,Koyoharu Gotouge,Akari Kitô,United States,87886611,4078063330,,117
10,Trolls World Tour,P,Animation,2020,6.1,23000,Walt Dohrn,David P. Smith,Glenn Berger,South Korea,353017164,4869990761,,91
11,Hamilton,PG-13,Biography,2020,8.3,90000,Thomas Kail,Lin-Manuel Miranda,Lin-Manuel Miranda,South Korea,307801725,720297818,,160
12,The Duke,R,Biography,2020,6.9,6100,Roger Michell,Richard Bean,Jim Broadbent,United States,260991050,1831153548,,95
13,The Banker,C13,Biography,2020,7.3,28000,George Nolfi,Niceole R. Levy,David Lewis Smith,Canada,202272847,2453274071,,120
14,The King of Staten Island,R,Comedy,2020,7.1,65000,Judd Apatow,Judd Apatow,Dave Sirus,United States,252242415,2802023438,,136
15,Emma.,PG,Comedy,2020,6.7,51000,Autumn de Wilde,Eleanor Catton,Anya Taylor-Joy,United States,483043101,2682582539,,124
16,Promising Young Woman,C18,Crime,2020,7.5,165000,Emerald Fennell,Emerald Fennell,Bo Burnham,United States,350410948,4145771986,,113
17,The Devil All the Time,C18,Crime,2020,7.1,131000,Antonio Campos,Antonio Campos,Donald Ray Pollock,China,236096446,4738202322,,138
18,The Last Dance,,Documentary,2020,9.1,116000,Michael Jordan,,,Canada,277307053,1250316866,,
19,My Octopus Teacher,TV-G,Documentary,2020,8.1,53000,Pippa Ehrlich,James Reed,James Reed,United States,305017436,1073794636,,85
20,Rise of Empires: Ottoman,,Documentary,2020,7.9,23000,Cem Yigit Uzümoglu,,,Canada,209712545,3405733313,,
21,The Social Dilemma,C13,Documentary,2020,7.6,81000,Jeff Orlowski-Yang,Vickie Curtis,Jeff Orlowski-Yang,United States,321457433,2602635775,,94
22,American Murder: The Family Next Door,TV-MA,Documentary,2020,7.2,27000,Jenny Popplewell,Nickole Atkinson,Luke Epple,United States,235548312,2339756264,,83
23,365 dni,C18,Drama,2020,3.3,85000,Barbara Bialowas,Tomasz Mandes,Tomasz Mandes,Canada,404380490,3599631238,,114
24,Wonder Woman 1984,C13,Action,2020,5.4,259000,Patty Jenkins,Patty Jenkins,Dave Callaham,South Korea,459166530,1743321445,,151
25,Palm Springs,C18,Comedy,2020,7.4,153000,Max Barbakow,Andy Siara,Andy Samberg,South Korea,191277613,1071678492,,90
26,The Courier,PG-13,Drama,2020,7.1,58000,Dominic Cooke,Tom O'Connor,Merab Ninidze,South Korea,246898907,1908922607,,112
27,The Trial of the Chicago 7,C18,Drama,2020,7.7,174000,Aaron Sorkin,Aaron Sorkin,Alex Sharp,United States,361667751,2783682494,,129
28,Greyhound,C13,Action,2020,7.0,95000,Aaron Schneider,Tom Hanks,Tom Hanks,Canada,61705213,4626345102,,91
29,"Quo vadis, Aida?",Approved,Drama,2020,8.0,33000,Jasmila Zbanic,Jasmila Zbanic,Jasna Djuricic,United States,428004349,4340314339,,101
30,Ammonite,R,Biography,2020,6.5,18000,Francis Lee,Francis Lee,Saoirse Ronan,Canada,240172376,4660191961,,120
31,A Quiet Place Part II,C16,Drama,2020,7.2,216000,John Krasinski,John Krasinski,Scott Beck,South Korea,94037179,3760742749,,97
32,Underwater,C16,Action,2020,5.8,81000,William Eubank,Brian Duffield,Kristen Stewart,United States,378985883,2437040108,,95
33,The Hunt,R,Action,2020,6.5,110000,Craig Zobel,Nick Cuse,Betty Gilpin,United States,494283866,4065276537,,90
34,The Empty Man,R,Horror,2020,6.2,27000,David Prior,David Prior,James Badge Dale,United States,373369602,4057504320,,137
35,The Night House,R,Horror,2020,6.5,48000,David Bruckner,Ben Collins,Rebecca Hall,China,82071042,3841531642,,107
36,The Invisible Man,C18,Drama,2020,7.1,221000,Leigh Whannell,Leigh Whannell,Elisabeth Moss,China,364498499,1526552119,,124
37,The New Mutants,C16,Action,2020,5.3,77000,Josh Boone,Josh Boone,Maisie Williams,Canada,368357724,3471157217,,94
38,Bill & Ted Face the Music,C13,Adventure,2020,5.9,46000,Dean Parisot,Chris Matheson,Keanu Reeves,United States,142153562,1811238190,,91
39,The High Note,PG-13,Drama,2020,6.4,11000,Nisha Ganatra,Flora Greeson,Tracee Ellis Ross,South Korea,238362558,3394722848,,113
40,Grizzly II: The Predator,Not Rated,Horror,2020,2.8,1300,André Szöts,Joan McCall,George Clooney,China,117575102,1355565838,,74
41,Dinner in America,,Comedy,2020,7.2,2900,Adam Rehmeier,,,South Korea,369241645,3265682443,,
42,I Still Believe,C13,Biography,2020,6.4,12000,Andrew Erwin,Jon Erwin,Jon Erwin,South Korea,431723757,2371901647,,116
43,Eurovision Song Contest: The Story of Fire Saga,PG-13,Comedy,2020,6.5,93000,David Dobkin,Will Ferrell,Will Ferrell,China,188449005,2072863356,,123
44,Stargirl,PG,Comedy,2020,6.1,5500,Julia Hart,Kristin Hahn,Jordan Horowitz,United States,170092719,3111827364,,107
45,The Prom,C13,Comedy,2020,5.9,27000,Ryan Murphy,Bob Martin,Matthew Sklar,United States,264807475,4861564085,,130
46,Run,C16,Mystery,2020,6.7,75000,Aneesh Chaganty,Aneesh Chaganty,Sarah Paulson,South Korea,62627242,858891658,,90
47,The Father,PG-13,Drama,2020,8.2,142000,Florian Zeller,Christopher Hampton,Anthony Hopkins,United States,195251240,2923223147,,97
48,After We Collided,R,Drama,2020,5.0,31000,Roger Kumble,Anna Todd,Josephine Langford,South Korea,132666298,1253781388,,105
49,Butcher: A Short Film,Not Rated,Short,2020,6.8,469,Liz Friedlander,Garth Ennis,Darick Robertson,Canada,398725306,608017627,,5
50,Father of the Bride Part 3 (ish),Not Rated,Short,2020,6.9,1100,Nancy Meyers,Nancy Meyers,Kieran Culkin,China,427542765,773759528,,26
51,The Stranger,,Short,2020,6.3,1300,Maika Monroe,,,China,274069059,3139163196,,
52,Black Panther: Origins,,Short,2020,5.7,356,Jamin Thompson,,,South Korea,165950612,537292876,,
53,Rules for Werewolves,,Short,2020,8.0,44,Jeremy Schaulin-Rioux,,,United States,230502481,2305961433,,
54,The Way Back,R,Drama,2020,6.7,46000,Gavin O'Connor,Brad Ingelsby,Al Madrigal,United States,357809109,2084152746,,108
55,De slag om de Schelde,TV-MA,Drama,2020,7.1,27000,Matthijs van Heijningen Jr.,Paula van der Oest,Pauline van Mantgem,China,452344743,4881919127,,124
56,Shadow in the Cloud,R,Action,2020,4.9,26000,Roseanne Liang,Max Landis,Chloë Grace Moretz,South Korea,426658458,2501203017,,83
57,Summerland,PG,Drama,2020,7.0,6900,Jessica Swale,Jessica Swale,Gugu Mbatha-Raw,United States,344453931,3041161066,,99
58,Da 5 Bloods,C18,Adventure,2020,6.5,51000,Spike Lee,Danny Bilson,Kevin Willmott,United States,138837612,2022083576,,154
59,The Call of the Wild,P,Adventure,2020,6.7,48000,Chris Sanders,Michael Green,Egerton Ryerson Young,China,405089148,4396138709,,100
60,News of the World,PG-13,Action,2020,6.8,85000,Paul Greengrass,Paul Greengrass,Paulette Jiles,South Korea,145934917,1656928638,,118
61,Spider-Man: No Way Home,C13,Action,2021,8.3,687000,Jon Watts,Chris McKenna,Stan Lee,China,191214032,2546796327,,148
62,No Time to Die,C16,Action,2021,7.3,378000,Cary Joji Fukunaga,Neal Purvis,Cary Joji Fukunaga,China,78150335,2345849581,,163
63,Resident Evil: Welcome to Raccoon City,R,Action,2021,5.2,49000,Johannes Roberts,Johannes Roberts,Robbie Amell,United States,127775499,2316979409,,107
64,Dune: Part One,C13,Action,2021,8.0,593000,Denis Villeneuve,Jon Spaihts,Eric Roth,China,168025605,3879204205,,155
65,Eternals,C16,Action,2021,6.3,322000,Chloé Zhao,Chloé Zhao,Ryan Firpo,Canada,129057821,3870528767,,156
66,Free Guy,PG-13,Action,2021,7.1,352000,Shawn Levy,Matt Lieberman,Ryan Reynolds,China,305495612,2781989880,,115
67,Black Widow,C16,Action,2021,6.7,361000,Cate Shortland,Eric Pearson,Ned Benson,United States,91060927,1667438833,,134
68,The King's Man,R,Action,2021,6.3,135000,Matthew Vaughn,Matthew Vaughn,Mark Millar,China,282292789,3730998378,,131
69,The Suicide Squad,C18,Action,2021,7.2,336000,James Gunn,James Gunn,Idris Elba,South Korea,390341554,2615319673,,132
70,Shang-Chi and the Legend of the Ten Rings,C13,Action,2021,7.4,364000,Destin Daniel Cretton,Dave Callaham,Andrew Lanham,Canada,196282964,3533595653,,132
71,The Matrix Resurrections,C18,Action,2021,5.7,236000,Lana Wachowski,Lana Wachowski,Aleksandar Hemon,United States,214330107,701058912,,148
72,Wrath of Man,R,Action,2021,7.1,168000,Guy Ritchie,Nicolas Boukhrief,Guy Ritchie,United States,331153914,4793670250,,119
73,Nobody,C18,Action,2021,7.4,234000,Ilya Naishuller,Derek Kolstad,Aleksey Serebryakov,China,337078463,916075771,,92
74,The Last Duel,R,Action,2021,7.4,147000,Ridley Scott,Nicole Holofcener,Matt Damon,China,457077492,1730465617,,152
75,Red Notice,C13,Action,2021,6.3,264000,Rawson Marshall Thurber,Rawson Marshall Thurber,Ryan Reynolds,Canada,360110381,1614739364,,118
76,Venom: Let There Be Carnage,C13,Action,2021,5.9,212000,Andy Serkis,Kelly Marcel,Tom Hardy,Canada,275855619,2162422082,,97
77,F9,C16,Action,2021,5.2,127000,Justin Lin,Daniel Casey,Alfredo Botello,China,270049135,4048184750,,143
78,Zack Snyder's Justice League,C16,Action,2021,8.0,384000,Zack Snyder,Jerry Siegel,Zack Snyder,South Korea,187371797,3105861734,,242
79,The Tomorrow War,PG-13,Action,2021,6.5,199000,Chris McKay,Zach Dean,Yvonne Strahovski,South Korea,178602275,2529185755,,138
80,Sing 2,P,Animation,2021,7.4,58000,Garth Jennings,Christophe Lourdelet,Matthew McConaughey,China,107056144,3816289901,,110
81,Ghostbusters: Afterlife,C13,Adventure,2021,7.1,165000,Jason Reitman,Gil Kenan,Dan Aykroyd,Canada,354679392,2287718672,,124
82,Cruella,PG-13,Adventure,2021,7.3,225000,Craig Gillespie,Dana Fox,Aline Brosh McKenna,China,170365014,3866274989,,134
83,Marcel the Shell with Shoes On,PG,Animation,2021,8.3,1600,Dean Fleischer-Camp,Dean Fleischer-Camp,Nick Paley,United States,86342549,4786372897,,90
84,Encanto,P,Animation,2021,7.2,207000,Jared Bush,Byron Howard,Charise Castro Smith,Canada,234356255,3908230455,,102
85,Mad God,,Animation,2021,6.8,5500,Phil Tippett,,,United States,310944890,4562967785,,
86,Luca,PG,Animation,2021,7.4,155000,Enrico Casarosa,Enrico Casarosa,Simon Stephenson,China,57960826,1159815735,,95
87,Shika no ou,R,Animation,2021,6.5,227,Masashi Ando,Masayuki Miyaji,Nahoko Uehashi,United States,306804645,3045164876,,113
88,Raya and the Last Dragon,P,Animation,2021,7.3,146000,Don Hall,Carlos López Estrada,Qui Nguyen,China,137393715,4994378860,,107
89,The Mitchells vs the Machines,C13,Animation,2021,7.6,104000,Michael Rianda,Jeff Rowe,Jeff Rowe,South Korea,333705567,3249060623,,114
90,Rumble,PG,Animation,2021,5.9,5900,Hamish Grieve,Matt Lieberman,Geraldine Viswanathan,China,299128378,3925328009,,95
91,Clifford the Big Red Dog,P,Animation,2021,5.9,13000,Walt Becker,Jay Scherick,Blaise Hemingway,China,493014851,1251591854,,96
92,Ryû to sobakasu no hime,P,Animation,2021,7.2,9200,Mamoru Hosoda,Mamoru Hosoda,Ryô Narita,United States,128101464,1393839490,,121
93,Space Jam: A New Legacy,PG,Animation,2021,4.4,70000,Malcolm D. Lee,Leo Benvenuti,Timothy Harris,South Korea,418113869,4171024241,,115
94,Tom & Jerry,P,Animation,2021,5.2,34000,Tim Story,William Hanna,Kevin Costello,Canada,324215746,2284322406,,101
95,Gekijouban Jujutsu Kaisen 0,C13,Animation,2021,7.9,11000,Seong-Hu Park,Gege Akutami,Chinatsu Akasaki,South Korea,360857875,4716723980,,105
96,The Addams Family 2,PG,Animation,2021,5.4,11000,Greg Tiernan,Conrad Vernon,Dan Hernandez,South Korea,350232211,774906193,,93
97,PAW Patrol: The Movie,G,Animation,2021,6.1,6000,Cal Brunker,Billy Frolick,Bob Barlen,South Korea,376679292,943958285,,86
98,Ron's Gone Wrong,PG,Animation,2021,7.0,32000,Sarah Smith,Jean-Philippe Vine,Peter Baynham,China,328658873,4441391708,,107
99,Back to the Outback,PG,Animation,2021,6.5,7900,Harry Cripps,Clare Knight,Gregory Lessans,United States,83421646,3271495211,,95
100,Vivo,P,Animation,2021,6.7,18000,Kirk DeMicco,Brandon Jeffords,Quiara Alegría Hudes,United States,384812235,3062915836,,95
101,The Boss Baby: Family Business,P,Animation,2021,5.8,17000,Tom McGrath,Marla Frazee,Michael McCullers,Canada,392297101,3481040120,,107
102,House of Gucci,C18,Biography,2021,6.6,116000,Ridley Scott,Becky Johnston,Sara Gay Forden,Canada,235001354,2700011380,,158
103,Belfast,PG-13,Biography,2021,7.3,63000,Kenneth Branagh,Kenneth Branagh,Lewis McAskie,Canada,466642252,2269382246,,98
104,King Richard,PG-13,Biography,2021,7.5,100000,Reinaldo Marcus Green,Zach Baylin,Aunjanue Ellis,United States,245820869,4586404883,,144
105,Spencer,R,Biography,2021,6.6,62000,Pablo Larraín,Steven Knight,Timothy Spall,Canada,292194245,1230204937,,117
106,The Survivor,R,Biography,2021,6.7,2800,Barry Levinson,Justine Juel Gillmer,Ben Foster,United States,307237449,652256835,,129
107,"tick, tick...BOOM!",C13,Biography,2021,7.5,101000,Lin-Manuel Miranda,Steven Levenson,Andrew Garfield,South Korea,466737411,1619075983,,120
108,Benedetta,Unrated,Biography,2021,6.7,17000,Paul Verhoeven,David Birke,Judith C. Brown,United States,487398697,4232860820,,131
109,American Underdog,PG,Biography,2021,7.1,12000,Andrew Erwin,Jon Erwin,Michael Silver,United States,268764058,3354534117,,112
110,Respect,PG-13,Biography,2021,6.5,14000,Liesl Tommy,Tracey Scott Wilson,Jennifer Hudson,China,343422669,884397980,,145
111,The Eyes of Tammy Faye,PG-13,Biography,2021,6.6,29000,Michael Showalter,Fenton Bailey,Abe Sylvia,United States,105370661,1098333874,,126
112,The Mauritanian,R,Biography,2021,7.4,50000,Kevin Macdonald,Michael Bronner,Sohrab Noshirvani,United States,272340522,2141059624,,129
113,Munich: The Edge of War,PG-13,Biography,2021,6.8,29000,Christian Schwochow,Ben Power,George MacKay,United States,286032233,1367984940,,130
114,Judas and the Black Messiah,R,Biography,2021,7.4,75000,Shaka King,Will Berson,Kenneth Lucas,China,116706927,4093773297,,126
115,The Electrical Life of Louis Wain,PG-13,Biography,2021,6.8,13000,Will Sharpe,Simon Stephenson,Benedict Cumberbatch,United States,232466951,3538552591,,111
116,Being the Ricardos,R,Biography,2021,6.5,40000,Aaron Sorkin,Aaron Sorkin,Javier Bardem,United States,478134099,4812615188,,131
117,CODA,PG-13,Comedy,2021,8.0,118000,Sian Heder,Sian Heder,Stanislas Carré de Malberg,South Korea,422286494,4652333387,,111
118,Licorice Pizza,R,Comedy,2021,7.3,91000,Paul Thomas Anderson,Paul Thomas Anderson,Cooper Hoffman,United States,128253654,1055499936,,133
119,Verdens verste menneske,R,Comedy,2021,7.8,53000,Joachim Trier,Joachim Trier,Renate Reinsve,Canada,230048565,3351695050,,128
120,Don't Look Up,C18,Comedy,2021,7.2,515000,Adam McKay,Adam McKay,Leonardo DiCaprio,South Korea,259494061,4398974905,,138
121,The French Dispatch,R,Comedy,2021,7.2,112000,Wes Anderson,Wes Anderson,Hugo Guinness,United States,109110250,3554270951,,107
122,The Phantom of the Open,PG-13,Comedy,2021,7.2,2100,Craig Roberts,Simon Farnaby,Mark Rylance,United States,179116468,4997722868,,106
123,Barb and Star Go to Vista Del Mar,PG-13,Comedy,2021,6.3,17000,Josh Greenbaum,Annie Mumolo,Kristen Wiig,Canada,108402197,2377490192,,107
124,Nightmare Alley,C18,Crime,2021,7.0,131000,Guillermo del Toro,Guillermo del Toro,William Lindsay Gresham,United States,306399624,4352083551,,150
125,West Side Story,C16,Crime,2021,7.2,76000,Steven Spielberg,Tony Kushner,Ansel Elgort,United States,416348296,4066726490,,156
126,The Card Counter,R,Crime,2021,6.2,30000,Paul Schrader,Paul Schrader,Tiffany Haddish,Canada,427925276,3362415538,,111
127,The Guilty,C16,Crime,2021,6.3,118000,Antoine Fuqua,Nic Pizzolatto,Emil Nygaard Albertsen,United States,489117308,725780044,,90
128,Stillwater,R,Crime,2021,6.6,40000,Tom McCarthy,Tom McCarthy,Thomas Bidegain,China,471799543,2320574484,,139
129,The Many Saints of Newark,R,Crime,2021,6.3,52000,Alan Taylor,David Chase,Alessandro Nivola,China,270143892,2916229518,,120
130,Rise of the Footsoldier: Origins,,Action,2021,5.8,2900,Nick Nevern,,,China,394267636,2074810357,,
131,The Little Things,R,Crime,2021,6.3,96000,John Lee Hancock,John Lee Hancock,Rami Malek,South Korea,120893604,4153931870,,128
132,Army of Thieves,C16,Action,2021,6.4,74000,Matthias Schweighöfer,Zack Snyder,Matthias Schweighöfer,United States,438789016,868698792,,127
133,Army of the Dead,C18,Action,2021,5.7,169000,Zack Snyder,Zack Snyder,Joby Harold,Canada,109495032,4683585594,,148
134,The Beatles: Get Back,,Documentary,2021,9.0,21000,The Beatles,,,South Korea,227783642,4166242692,,
135,The Rescue,PG,Documentary,2021,8.3,14000,Jimmy Chin,Elizabeth Chai Vasarhelyi,Apakorn Youkongkaew,Canada,476102839,4443830562,,107
136,Syndrome K,,Documentary,2021,7.4,36,Stephen Edwards,,,China,242891272,990522711,,
137,Flugt,PG-13,Documentary,2021,7.9,15000,Jonas Poher Rasmussen,Jonas Poher Rasmussen,Daniel Karimyar,Canada,366505338,2812912125,,89
138,The Alpinist,PG-13,Documentary,2021,8.0,8200,Peter Mortimer,Nick Rosen,Peter Mortimer,South Korea,342606295,3305998657,,92
139,"Hallelujah: Leonard Cohen, a Journey, a Song",PG-13,Documentary,2021,7.4,104,Daniel Geller,Dayna Goldfine,Dayna Goldfine,United States,345382521,1353466188,,118
140,Roadrunner: A Film About Anthony Bourdain,R,Documentary,2021,7.7,6400,Morgan Neville,Asia Argento,Ariane Bourdain,South Korea,297930223,2419869121,,119
141,Val,R,Documentary,2021,7.6,12000,Ting Poo,Leo Scott,Jack Kilmer,South Korea,397088449,3772648483,,109
142,Night Stalker: The Hunt for a Serial Killer,,Documentary,2021,7.5,25000,Paul Skolnick,,,United States,313545976,4724660596,,
143,Ennio,,Documentary,2021,8.4,1800,Giuseppe Tornatore,,,United States,168763046,3784814595,,
144,Attack on Pearl Harbor - Minute by Minute,,Documentary,2021,7.4,123,Russell Boulter,,,United States,139747825,2523397279,,
145,House of Secrets: The Burari Deaths,TV-MA,Documentary,2021,7.4,10000,Leena Yadav,Manoj Kumar,Vishal Anand,United States,430987043,1096654461,,
146,14 Peaks: Nothing Is Impossible,TV-MA,Documentary,2021,7.7,24000,Torquil Jones,Gabriel Clarke,Nirmal Purja,United States,201893126,1731024100,,101
147,"Summer of Soul (...Or, When the Revolution Could Not Be Televised)",PG-13,Documentary,2021,8.0,11000,Questlove,Dorinda Drake,Darryl Lewis,South Korea,401774215,3864565616,,118
148,Last Night in Soho,R,Drama,2021,7.1,118000,Edgar Wright,Edgar Wright,Thomasin McKenzie,United States,145504236,4860032916,,116
149,Old,PG-13,Drama,2021,5.8,111000,M. Night Shyamalan,M. Night Shyamalan,Frederik Peeters,China,248100431,2862651244,,108
150,Pleasure,Not Rated,Drama,2021,6.3,13000,Ninja Thyberg,Ninja Thyberg,Sofia Kappel,United States,106556826,1148816841,,109
151,Operation Mincemeat,PG-13,Drama,2021,6.6,19000,John Madden,Michelle Ashford,Colin Firth,United States,324740136,3503965801,,128
152,The Power of the Dog,C16,Drama,2021,6.8,165000,Jane Campion,Jane Campion,Benedict Cumberbatch,United States,464604471,4866193684,,126
153,Cinderella,PG,Comedy,2021,4.2,41000,Kay Cannon,Kay Cannon,Billy Porter,South Korea,482623485,1354659087,,113
154,The Green Knight,R,Adventure,2021,6.6,96000,David Lowery,David Lowery,Dev Patel,South Korea,312990826,1518181416,,130
155,Jungle Cruise,PG-13,Action,2021,6.6,181000,Jaume Collet-Serra,Michael Green,John Requa,China,301704916,1421176602,,127
156,Lamb,R,Drama,2021,6.3,25000,Valdimar Jóhannsson,Sjón,Noomi Rapace,United States,415831555,2346886311,,106
157,De uskyldige,,Drama,2021,7.0,8700,Eskil Vogt,,,United States,214887373,3612557542,,
158,The Drover's Wife: The Legend of Molly Johnson,,Drama,2021,6.2,503,Leah Purcell,,,South Korea,380264963,4238043792,,
159,The Dig,C16,Biography,2021,7.1,73000,Simon Stone,Moira Buffini,Carey Mulligan,South Korea,461180709,4026535652,,112
160,The Bombardment,TV-MA,Drama,2021,7.3,9700,Ole Bornedal,Ole Bornedal,Danica Curcic,United States,113504707,2230860554,,107
161,Illusions perdues,,Drama,2021,7.4,3100,Xavier Giannoli,,,United States,413688388,1097642499,,
162,Lansky,R,Biography,2021,6.3,7500,Eytan Rockaway,Eytan Rockaway,Harvey Keitel,United States,191718308,4640926606,,119
163,Utvandrarna,,Drama,2021,6.6,1200,Erik Poppe,,,Canada,128572655,2242339859,,
164,Délicieux,,Comedy,2021,7.0,2600,Éric Besnard,,,South Korea,450821454,3105362990,,
165,The Lady of Heaven,R,Action,2021,5.7,12000,Eli King,Sheikh Al-Habib,Gabriel Cartade,United States,230420459,4853674595,,141
166,Eiffel,R,Biography,2021,6.2,4100,Martin Bourboulon,Caroline Bongrand,Natalie Carter,China,203980387,2274342596,,108
167,The Black Phone,C18,Horror,2021,7.0,56000,Scott Derrickson,Joe Hill,C. Robert Cargill,United States,153876133,3168269595,,103
168,Fear Street: 1994,C18,Drama,2021,6.2,77000,Leigh Janiak,R.L. Stine,Phil Graziadei,United States,125216344,3354677170,,107
169,Ku bei,TV-MA,Horror,2021,6.5,8700,Rob Jabbaz,Rob Jabbaz,Regina Lei,United States,217949197,2494234140,,99
170,Fear Street: 1978,C18,Drama,2021,6.7,61000,Leigh Janiak,Zak Olkewicz,Phil Graziadei,Canada,188753990,868003926,,109
171,Candyman,R,Horror,2021,5.9,60000,Nia DaCosta,Jordan Peele,Nia DaCosta,South Korea,361891851,3788444923,,91
172,Halloween Kills,R,Horror,2021,5.5,75000,David Gordon Green,John Carpenter,Scott Teems,United States,291190112,677369701,,105
173,Mlungu Wam,,Horror,2021,5.2,210,Jenna Cato Bass,,,South Korea,323374098,4802220903,,
174,Malignant,C18,Crime,2021,6.2,85000,James Wan,James Wan,Akela Cooper,Canada,290818122,3718127801,,111
175,Wrong Turn,R,Horror,2021,5.5,30000,Mike P. Nelson,Alan B. McElroy,Adain Bradley,China,180054384,4257407695,,109
176,Titane,R,Drama,2021,6.6,42000,Julia Ducournau,Julia Ducournau,Simonetta Greggio,China,285850337,2909366295,,108
177,Eight for Silver,R,Fantasy,2021,6.2,8600,Sean Ellis,Sean Ellis,Kelly Reilly,South Korea,115651938,1857585416,,111
178,Escape Room: Tournament of Champions,PG-13,Action,2021,5.7,43000,Adam Robitel,Will Honley,Daniel Tuch,China,286013266,867314733,,88
179,The Conjuring: The Devil Made Me Do It,C16,Horror,2021,6.3,110000,Michael Chaves,David Leslie Johnson-McGoldrick,Chad Hayes,United States,304211542,1596100091,,112
180,Moxie,PG-13,Comedy,2021,6.7,25000,Amy Poehler,Jennifer Mathieu,Dylan Meyer,China,225776643,3095179746,,111
181,Dear Evan Hansen,PG-13,Drama,2021,6.1,14000,Stephen Chbosky,Steven Levenson,Justin Paul,United States,414422154,4174592405,,137
182,In the Heights,PG-13,Drama,2021,7.3,46000,Jon M. Chu,Quiara Alegría Hudes,Anthony Ramos,Canada,156008111,4415287640,,143
183,Cyrano,PG-13,Drama,2021,6.3,9100,Joe Wright,Erica Schmidt,Peter Dinklage,United States,460823172,849821201,,123
184,Annette,R,Drama,2021,6.3,19000,Leos Carax,Ron Mael,Adam Driver,China,155078139,1033050344,,141
185,My Little Pony: A New Generation,PG,Animation,2021,6.8,3700,Robert Cullen,José Luis Ucha,Tim Sullivan,United States,111407302,4515139152,,90
186,The Voyeurs,R,Drama,2021,6.0,20000,Michael Mohan,Michael Mohan,Justice Smith,China,109408950,1119158903,,116
187,Pig,R,Drama,2021,6.9,69000,Michael Sarnoski,Vanessa Block,Nicolas Cage,South Korea,188077187,1515376079,,92
188,Jai Bhim,TV-MA,Crime,2021,8.9,193000,T.J. Gnanavel,T.J. Gnanavel,Suriya,Canada,492541061,2377794204,,164
189,After We Fell,R,Drama,2021,4.6,13000,Castille Landon,Anna Todd,Josephine Langford,United States,213266071,4081952838,,98
190,The Hating Game,R,Comedy,2021,6.2,14000,Peter Hutchings,Christina Mengert,Lucy Hale,United States,305238514,2071621804,,102
191,Godzilla vs. Kong,C13,Action,2021,6.3,202000,Adam Wingard,Terry Rossio,Zach Shields,South Korea,290377215,4790852354,,113
192,All Too Well: The Short Film,PG-13,Short,2021,8.4,11000,Taylor Swift,Taylor Swift,Dylan O'Brien,South Korea,443615408,2996987687,,15
193,Centaurworld,TV-Y7,Animation,2021,7.6,2100,Megan Dong,Megan Dong,Chris Diamantopoulos,Canada,480714161,1995624863,,
194,"The Good, the Bart, and the Loki",TV-PG,Animation,2021,6.1,3600,David Silverman,Elisabeth Kiernan Averick,John Frink,South Korea,487893096,910170285,,4
195,Shadowprowler,,Short,2021,7.1,39,Scott Derrickson,,,China,442408214,1400957417,,
196,Minions & Monsters,,Animation,2021,8.2,50,Jed Diffenderfer,,,United States,136183697,4671544810,,
197,Dubai Presents: A Five-Star Mission,,Short,2021,5.0,178,Craig Gillespie,,,United States,363016796,3209448201,,
198,Tubarão: O Regresso,,Short,2021,7.5,270,Rui Constantino,,,United States,450490596,2180360862,,
199,Deadpool's Maximum Reactions: Korg and Deadpool,,Short,2021,7.9,728,Ryan Reynolds,,,United States,79309376,1771560741,,
200,The Novice,R,Drama,2021,6.5,4500,Lauren Hadaway,Lauren Hadaway,Amy Forsyth,China,270733039,1123240813,,97
201,12 Mighty Orphans,PG-13,History,2021,6.9,4900,Ty Roberts,Jim Dent,Lane Garrison,United States,102747654,2910946854,,118
202,She Will,,Comedy,2021,5.4,576,Charlotte Colbert,,,United States,266121298,3226912378,,
203,Without Remorse,R,Action,2021,5.7,57000,Stefano Sollima,Taylor Sheridan,Tom Clancy,United States,176618544,4753810723,,109
204,Benediction,PG-13,Biography,2021,6.8,1100,Terence Davies,Terence Davies,Kate Phillips,United States,364288582,4108369719,,137
205,The Harder They Fall,C16,Action,2021,6.5,60000,Jeymes Samuel,Jeymes Samuel,Jonathan Majors,South Korea,200977096,3476876013,,139
206,Cry Macho,PG-13,Drama,2021,5.7,26000,Clint Eastwood,Nick Schenk,Clint Eastwood,Canada,202886017,1580349607,,104
207,The Last Son,R,Action,2021,4.7,1300,Tim Sutton,Greg Johnson,Machine Gun Kelly,China,271261677,3938622451,,96
208,Spirit Untamed,PG,Animation,2021,5.5,3600,Elaine Bogan,Ennio Torresan,Kristin Hahn,United States,361400325,3360051224,,88
209,Thor: Love and Thunder,C13,Action,2022,6.8,128000,Taika Waititi,Taika Waititi,Stan Lee,South Korea,364439323,4940254840,,118
210,Top Gun: Maverick,C13,Action,2022,8.6,245000,Joseph Kosinski,Jim Cash,Peter Craig,United States,289226512,1745974615,,130
211,Jurassic World Dominion,C13,Action,2022,5.7,97000,Colin Trevorrow,Emily Carmichael,Derek Connolly,United States,467976756,4128267168,,147
212,Doctor Strange in the Multiverse of Madness,C13,Action,2022,7.0,324000,Sam Raimi,Michael Waldron,Steve Ditko,South Korea,424777329,4554940181,,126
213,The Gray Man,PG-13,Action,2022,6.6,46000,Anthony Russo,Joe Russo,Christopher Markus,United States,257360860,3575410192,,122
214,Everything Everywhere All at Once,C18,Action,2022,8.2,157000,Dan Kwan,Daniel Scheinert,Daniel Scheinert,China,106820921,3370230574,,139
215,Lightyear,P,Animation,2022,5.5,54000,Angus MacLane,Angus MacLane,Jason Headley,United States,222683152,3688673048,,100
216,The Northman,R,Action,2022,7.2,147000,Robert Eggers,Sjón,Alexander Skarsgård,Canada,122298771,4156121557,,137
217,The Batman,C16,Action,2022,7.9,550000,Matt Reeves,Matt Reeves,Bob Kane,Canada,132478933,1290872732,,176
218,Vikram,,Action,2022,8.5,37000,Lokesh Kanagaraj,,,United States,86679897,2551667120,,
219,The Man from Toronto,C13,Action,2022,5.8,31000,Patrick Hughes,Robbie Fox,Jason Blumenthal,South Korea,387400143,4229412562,,110
220,The Princess,R,Action,2022,5.5,8200,Le-Van Kiet,Ben Lustig,Joey King,China,401183955,1418779875,,94
221,Bullet Train,R,Action,2022,,,David Leitch,Kôtarô Isaka,Joey King,United States,59825497,2126627637,,126
222,Spiderhead,R,Action,2022,5.4,43000,Joseph Kosinski,George Saunders,Paul Wernick,China,197540416,545654806,,106
223,The Lost City,C13,Action,2022,6.1,82000,Aaron Nee,Adam Nee,Dana Fox,China,173272247,3771923710,,112
224,The Unbearable Weight of Massive Talent,C16,Action,2022,7.1,58000,Tom Gormican,Tom Gormican,Nicolas Cage,Canada,446588619,1094228865,,107
225,Rocketry: The Nambi Effect,,Action,2022,9.2,17000,Madhavan,,,United States,271274846,1886837671,,
226,Uncharted,(Banned),Action,2022,6.4,151000,Ruben Fleischer,Rafe Judkins,Matt Holloway,United States,197927039,4205177245,,116
227,Fantastic Beasts: The Secrets of Dumbledore,C13,Action,2022,6.2,116000,David Yates,J.K. Rowling,Eddie Redmayne,South Korea,323766506,2517686072,,142
228,RRR (Rise Roar Revolt),Not Rated,Action,2022,8.0,88000,S.S. Rajamouli,Vijayendra Prasad,Madhan Karky,South Korea,168167542,4417779717,,187
229,Morbius,C16,Action,2022,5.2,94000,Daniel Espinosa,Matt Sazama,Jared Leto,China,428195627,553089446,,104
230,Paws of Fury: The Legend of Hank,PG,Animation,2022,5.6,933,Chris Bailey,Mark Koetsier,Ed Stone,South Korea,166545226,4650182676,,98
231,Day Shift,,Action,2022,,,J.J. Perry,,,China,421882876,2298585032,,
232,DC League of Super-Pets,P,Animation,2022,,,Jared Stern,Sam Levine,John Whittington,South Korea,303478935,3675516160,,106
233,Avatar: The Way of Water,,Action,2022,,,James Cameron,,,United States,124864555,2052709881,,
234,Ambulance,C18,Action,2022,6.1,55000,Michael Bay,Chris Fedak,Lars Andreas Pedersen,Canada,407142698,2480381355,,136
235,Black Panther: Wakanda Forever,,Action,2022,,,Ryan Coogler,,,United States,290926051,4355270904,,
236,The Woman King,,Action,2022,,,Gina Prince-Bythewood,,,United States,216500579,2390619662,,
237,Black Adam,,Action,2022,,,Jaume Collet-Serra,,,China,405578418,3667382553,,
238,Sonic the Hedgehog 2,P,Action,2022,6.6,53000,Jeff Fowler,Pat Casey,John Whittington,South Korea,377242329,822973088,,122
239,Gold,R,Action,2022,5.4,7800,Anthony Hayes,Anthony Hayes,Zac Efron,China,174701468,1745171719,,97
240,Major,,Action,2022,8.3,18000,Sashi Kiran Tikka,,,South Korea,417261957,2039406378,,
241,Memory,R,Action,2022,5.6,13000,Martin Campbell,Dario Scardapane,Carl Joos,Canada,296247475,1244222099,,114
242,Samaritan,,Action,2022,,,Julius Avery,,,China,375507126,4407423349,,
243,Moonfall,C13,Action,2022,5.2,58000,Roland Emmerich,Roland Emmerich,Spenser Cohen,Canada,174265985,4752563460,,130
244,Interceptor,TV-MA,Action,2022,4.5,20000,Matthew Reilly,Matthew Reilly,Elsa Pataky,China,115134877,2301717815,,99
245,The Contractor,R,Action,2022,5.8,16000,Tarik Saleh,J.P. Davis,Gillian Jacobs,China,106830099,3538689452,,103
246,The Adam Project,C13,Action,2022,6.7,183000,Shawn Levy,Jonathan Tropper,Jennifer Flackett,China,207937142,2335157091,,106
247,Last Seen Alive,R,Action,2022,5.6,8000,Brian Goodman,Marc Frydman,Jaimie Alexander,United States,226070778,4331354550,,95
248,Thor: God of Thunder,,Action,2022,2.4,87,Noah Luke,,,Canada,130975878,4904003681,,
249,Doragon boru supa supa hiro,,Animation,2022,7.2,1100,Tetsuro Kodama,,,China,54076438,3769750414,,
250,The 355,PG-13,Action,2022,5.4,25000,Simon Kinberg,Theresa Rebeck,Jessica Chastain,China,268626645,4569937187,,122
251,Khuda Haafiz Chapter II: Agni Pariksha,,Action,2022,8.8,8500,Faruk Kabir,,,South Korea,418591134,1523714316,,
252,Prey,R,Action,2022,7.8,53,Dan Trachtenberg,Patrick Aison,Dane DiLiegro,Canada,229779264,3300823032,,99
253,Code Name Banshee,,Action,2022,3.4,877,Jon Keeyes,,,United States,209461189,2494500208,,
254,Operation Fortune: Ruse de guerre,,Action,2022,6.8,373,Guy Ritchie,,,United States,417565066,3029783315,,
255,The Sea Beast,P,Animation,2022,7.1,19000,Chris Williams,Chris Williams,Mattson Tomlin,Canada,491478733,1717016321,,115
256,Minions: The Rise of Gru,P,Animation,2022,6.9,25000,Kyle Balda,Brad Ableson,Matthew Fogel,Canada,296253098,2973296240,,87
257,The Bob's Burgers Movie,PG-13,Animation,2022,7.1,11000,Loren Bouchard,Bernard Derriman,Nora Smith,United States,436810722,1182766794,,102
258,The Bad Guys,P,Animation,2022,6.8,28000,Pierre Perifel,Aaron Blabey,Yoni Brenner,Canada,256548854,3127958395,,100
259,Luck,G,Animation,2022,,,Peggy Holmes,Kiel Murray,Glenn Berger,China,462364463,1685473828,,97
260,Chip 'n Dale: Rescue Rangers,PG,Animation,2022,7.0,34000,Akiva Schaffer,Dan Gregor,Andy Samberg,China,72977458,3624660632,,97
261,Turning Red,P,Animation,2022,7.0,107000,Domee Shi,Domee Shi,Sarah Streicher,United States,100916663,3802829660,,100
262,777 Charlie,,Adventure,2022,9.1,13000,Kiranraj K,,,South Korea,124133790,4115803822,,
263,Beast,,Adventure,2022,,,Baltasar Kormákur,,,United States,130204277,4333536440,,
264,The Railway Children Return,,Adventure,2022,5.7,265,Morgan Matthews,,,South Korea,70129843,3194995170,,
265,Shazam! Fury of the Gods,,Action,2022,,,David F. Sandberg,,,South Korea,449996297,4519003473,,
266,Beavis and Butt-Head Do the Universe,TV-14,Animation,2022,7.0,7800,Albert Calleros,John Rice,Lewis Morton,United States,250616455,1088025241,,87
267,Disenchanted,,Animation,2022,,,Adam Shankman,,,Canada,444061824,2900115809,,
268,Green Lantern: Beware My Power,,Animation,2022,,,Jeff Wamester,,,China,270149906,3958058475,,
269,Strange World,,Animation,2022,,,Don Hall,,,United States,158690267,1083947920,,
270,Hotel Transylvania: Transformania,PG,Animation,2022,6.0,28000,Derek Drymon,Jennifer Kluska,Nunzio Randazzo,China,226340356,3685670422,,87
271,Guillermo del Toro's Pinocchio,,Animation,2022,,,Guillermo del Toro,,,United States,183977839,4764044380,,
272,Puss in Boots: The Last Wish,,Animation,2022,,,Joel Crawford,,,China,379013711,1724527204,,
273,Hopper et le hamster des ténèbres,TV-Y7,Animation,2022,6.3,1300,Ben Stassen,Benjamin Mousquet,Danny Fehsenfeld,Canada,238947578,2369975916,,91
274,"Lyle, Lyle, Crocodile",,Animation,2022,,,Josh Gordon,,,China,324533976,1326305366,,
275,The House,C16,Animation,2022,6.8,14000,Paloma Baeza,Emma De Swaef,Paloma Baeza,South Korea,185084390,4226417729,,97
276,Fireheart,TV-PG,Animation,2022,6.1,1500,Theodore Ty,Laurent Zeitoun,Jennica Harper,China,176872379,4587656194,,92
277,Elvis,C13,Biography,2022,7.8,48000,Baz Luhrmann,Baz Luhrmann,Craig Pearce,South Korea,64578123,2384188821,,159
278,Jerry & Marge Go Large,PG-13,Biography,2022,6.9,7700,David Frankel,Jason Fagone,Bryan Cranston,China,369529384,1113158903,,96
279,Blonde,NC-17,Biography,2022,,,Andrew Dominik,Andrew Dominik,Ana de Armas,United States,420654583,4552392413,,166
280,Father Stu,R,Biography,2022,6.4,10000,Rosalind Ross,Rosalind Ross,Mel Gibson,United States,440290483,1504205895,,124
281,Rise,PG,Biography,2022,7.1,4600,Akin Omotoso,Arash Amel,Yetide Badaki,South Korea,239893230,2257859934,,113
282,Thirteen Lives,PG-13,Biography,2022,,,Ron Howard,William Nicholson,Colin Farrell,United States,421512116,925633950,,142
283,Bergen,,Biography,2022,7.2,2500,Caner Alper,,,Canada,251806893,2617774569,,
284,Gangubai Kathiawadi,TV-MA,Biography,2022,7.0,51000,Sanjay Leela Bhansali,Sanjay Leela Bhansali,Prakash Kapadia,United States,196175355,3240455996,,152
285,Bodies Bodies Bodies,R,Comedy,2022,,,Halina Reijn,Sarah DeLappe,Amandla Stenberg,Canada,203184898,3004093160,,95
286,Hustle,C16,Comedy,2022,7.4,90000,Jeremiah Zagar,Taylor Materne,Adam Sandler,United States,82163259,2068126557,,117
287,The Munsters,,Comedy,2022,,,Rob Zombie,,,United States,212283111,654304486,,
288,"Good Luck to You, Leo Grande",R,Comedy,2022,7.1,9200,Sophie Hyde,Katy Brand,Daryl McCormack,Canada,327437638,3628200525,,97
289,Mrs. Harris Goes to Paris,PG,Comedy,2022,7.5,727,Anthony Fabian,Anthony Fabian,Keith Thompson,United States,498937437,1491482251,,115
290,Clerks III,R,Comedy,2022,,,Kevin Smith,Kevin Smith,Sarah Michelle Gellar,United States,291288603,2200593794,,115
291,"Hello, Goodbye and Everything in Between",TV-14,Comedy,2022,4.9,1800,Michael Lewen,Amy Reed,Jennifer E. Smith,South Korea,390030785,789968029,,82
292,Father of the Bride,PG-13,Comedy,2022,5.9,7100,Gary Alazraki,Matt Lopez,Andy Garcia,South Korea,132650162,1627991631,,117
293,Cha Cha Real Smooth,R,Comedy,2022,7.4,11000,Cooper Raiff,Cooper Raiff,Dakota Johnson,South Korea,276600897,1689558856,,107
294,Brian and Charles,PG,Comedy,2022,6.7,1700,Jim Archer,David Earl,David Earl,South Korea,388103462,2114795986,,90
295,Ante Sundharaniki,,Comedy,2022,7.8,4200,Vivek Athreya,,,Canada,330902770,2158632063,,
296,Jug Jugg Jeeyo,,Comedy,2022,7.1,32000,Raj Mehta,,,South Korea,392097558,3504364569,,
297,Marry Me,C13,Comedy,2022,6.1,27000,Kat Coiro,John Rogers,Harper Dill,United States,73789417,4080654530,,112
298,Dog,PG-13,Comedy,2022,6.5,25000,Reid Carolin,Channing Tatum,Brett Rodriguez,Canada,330605662,2177672905,,101
299,Vengeance,R,Comedy,2022,6.5,86,B.J. Novak,B.J. Novak,Nathaniel Augustson,South Korea,429760151,758794128,,94
300,Fresh,R,Comedy,2022,6.7,45000,Mimi Cave,Lauryn Kahn,Sebastian Stan,United States,317099462,2351824953,,114
301,Love & Gelato,TV-14,Comedy,2022,5.1,4000,Brandon Camp,Brandon Camp,Susanna Skaggs,China,136038747,2059882145,,110
302,Hocus Pocus 2,,Comedy,2022,,,Anne Fletcher,,,Canada,87462465,4537546857,,
303,Mr. Malcolm's List,PG,Comedy,2022,5.3,866,Emma Holly Jones,Suzanne Allain,Sope Dirisu,United States,362100369,986484499,,117
304,Senior Year,C18,Comedy,2022,5.5,34000,Alex Hardcastle,Andrew Knauer,Brandon Scott Jones,United States,212965878,4148980471,,111
305,1UP,R,Comedy,2022,2.8,681,Kyle Newman,Julia Yorks,Taylor Zakhar Perez,United States,345993727,3934048808,,100
306,See How They Run,,Comedy,2022,,,Tom George,,,United States,283275784,4169088277,,
307,Fire Island,R,Comedy,2022,6.7,7600,Andrew Ahn,Joel Kim Booster,Bowen Yang,Canada,123062183,1274377643,,105
308,Honk for Jesus. Save Your Soul.,,Comedy,2022,5.9,198,Adamma Ebo,,,South Korea,295605639,2918314162,,
309,Roald Dahl's Matilda the Musical,,Comedy,2022,,,Matthew Warchus,,,China,487058375,3794642080,,
310,Nude Tuesday,,Comedy,2022,5.7,365,Armagan Ballantyne,,,South Korea,139625580,1314784451,,
311,Orphan: First Kill,R,Crime,2022,,,William Brent Bell,David Coggeshall,Alex Mace,South Korea,298550087,1225180527,,99
312,Death on the Nile,C16,Crime,2022,6.3,128000,Kenneth Branagh,Michael Green,Tom Bateman,South Korea,191722272,3594959429,,127
313,Killers of the Flower Moon,,Crime,2022,,,Martin Scorsese,,,South Korea,104438194,2700586383,,
314,The Outfit,R,Crime,2022,7.1,28000,Graham Moore,Graham Moore,Mark Rylance,South Korea,60985145,1863995371,,105
315,Heojil kyolshim,C16,Crime,2022,7.6,1700,Park Chan-wook,Park Chan-wook,Tang Wei,China,109006272,2072050059,,138
316,Resurrection,,Crime,2022,6.6,358,Andrew Semans,,,Canada,137401231,1022104609,,
317,Wrong Place,,Action,2022,3.2,233,Mike Burns,,,United States,197616859,2825072940,,
318,Texas Chainsaw Massacre,R,Crime,2022,4.8,49000,David Blue Garcia,Chris Thomas Devlin,Rodo Sayagues,South Korea,374666120,2912685218,,83
319,Glass Onion: A Knives Out Mystery,,Crime,2022,,,Rian Johnson,,,South Korea,240821749,4770128982,,
320,K.G.F: Chapter 2,Not Rated,Action,2022,8.4,113000,Prashanth Neel,Prashanth Neel,Sanjay Dutt,South Korea,130201478,1663983491,,168
321,Emily the Criminal,,Crime,2022,7.0,282,John Patton Ford,,,United States,428233111,1578196180,,
322,Batgirl,,Action,2022,,,Adil El Arbi,,,Canada,415856584,988784889,,
323,Girl in the Picture,TV-MA,Documentary,2022,7.3,9800,Skye Borgman,Karen Parsley,Merle Bean,United States,373589174,2829154666,,101
324,What Is a Woman?,,Documentary,2022,8.6,19000,Justin Folk,,,China,255625534,1125576270,,
325,How to Change Your Mind,,Documentary,2022,8.2,816,Michael Pollan,,,South Korea,249887407,3098518972,,
326,D.B. Cooper: Where Are You?!,,Documentary,2022,5.3,1400,Tom Colbert,,,Canada,471356267,4086073538,,
327,Unprecedented,,Documentary,2022,5.8,304,Donald Trump,,,South Korea,445267047,3820027602,,
328,Keep Sweet: Pray and Obey,,Documentary,2022,7.4,8600,Mike Watkiss,,,United States,491411089,2788351153,,
329,My Daughter's Killer,TV-MA,Documentary,2022,6.9,832,Antoine Tassin,Marek Gajda,Emil Petrov,China,286693248,3925385409,,83
330,2000 Mules,,Documentary,2022,6.3,7200,Debbie D'Souza,,,Canada,163417734,3119231413,,
331,Ranveer vs. Wild with Bear Grylls,TV-14,Documentary,2022,7.0,4100,James Turner,Shantanu Srivastava,Bear Grylls,China,480216835,2746139971,,70
332,Mind Over Murder,,Documentary,2022,6.5,293,Cara D'Adamo,,,Canada,449012302,1653921121,,
333,Jackass Forever,R,Documentary,2022,6.9,39000,Jeff Tremaine,Jason 'Wee Man' Acuña,J.P. Blackmon,United States,323351061,4059900358,,96
334,Fire of Love,PG,Documentary,2022,7.7,582,Sara Dosa,Shane Boris,Jocelyne Chaput,South Korea,128962411,2518143643,,93
335,Prehistoric Planet,,Documentary,2022,8.6,6200,David Attenborough,,,United States,248631818,861696626,,
336,My Old School,,Documentary,2022,7.3,117,Jono McLeod,,,South Korea,342097968,4896413791,,
337,Our Father,TV-MA,Documentary,2022,6.5,9900,Lucie Jourdan,Jacoba Ballard,Matt White,China,98191890,1748425565,,97
338,Captive Audience,,Documentary,2022,6.8,1300,Todd Eric Andrews,,,United States,89093578,777030278,,
339,This Much I Know to Be True,,Documentary,2022,7.9,731,Andrew Dominik,,,United States,267424531,627611099,,
340,Jeen-yuhs: A Kanye Trilogy,,Documentary,2022,8.0,8500,Ye,,,China,298784470,2681483172,,
341,The Tinder Swindler,C16,Documentary,2022,7.2,62000,Felicity Morris,Felicity Morris,Cecilie Fjellhøy,United States,52051187,3075549695,,114
342,The Deep End,,Documentary,2022,6.5,650,Teal Swan,,,United States,134580713,4609761638,,
343,Halftime,TV-MA,Documentary,2022,6.5,4000,Amanda Micheli,Sam Wrench,Ben Affleck,China,138011295,2270069854,,95
344,Machine Gun Kelly's Life in Pink,TV-MA,Documentary,2022,6.0,879,Sam Cahill,Machine Gun Kelly,Casie Baker,South Korea,458885645,1494172542,,101
345,The Last Movie Stars,,Documentary,2022– ,8.3,201,George Clooney,,,Canada,275910391,1211224175,,
346,Gabby Giffords Won't Back Down,PG-13,Documentary,2022,7.5,94,Julie Cohen,Betsy West,Mark Kelly,China,337059171,3135051622,,98
347,Dreaming Walls,,Documentary,2022,6.5,57,Maya Duverdier,,,South Korea,281515751,3825038997,,
348,McEnroe,,Documentary,2022,7.6,29,Barney Douglas,,,United States,157792205,1205245546,,
349,Moonage Daydream,,Documentary,2022,7.8,71,Brett Morgen,,,United States,232611913,3712229340,,
350,Rich & Shameless,,Documentary,2022,5.9,118,Shaquille O'Neal,,,Canada,407422465,509094910,,
351,Navalny,R,Documentary,2022,7.3,13000,Daniel Roher,Alexei Navalny,Dasha Navalnaya,South Korea,383753878,2202340252,,98
352,Worst Roommate Ever,,Documentary,2022,7.1,7100,Alex Miller,,,China,155082629,2089038892,,
353,Bad Vegan: Fame. Fraud. Fugitives.,,Documentary,2022,5.8,6300,Sarma Melngailis,,,South Korea,215770129,2655934485,,
354,Conversations with a Killer: The John Wayne Gacy Tapes,,Documentary,2022,7.1,6700,Sam Amirante,,,United States,120213584,4288817674,,
355,The Invisible Pilot,,Documentary,2022,6.2,814,Konstantin Podprugin,,,United States,240582113,3746321787,,
356,Chernobyl: The Lost Tapes,,Documentary,2022,8.1,884,James Jones,,,South Korea,361320947,4639632110,,
357,Gladbeck: The Hostage Crisis,,Documentary,2022,7.5,1800,Volker Heise,,,United States,285763246,1844800579,,
358,Meltdown: Three Mile Island,,Documentary,2022,6.8,3400,Rick Parks,,,Canada,230218893,4229256470,,
359,Leave No Trace,,Documentary,2022,7.2,92,Irene Taylor,,,China,290841378,2678277671,,
360,The Janes,,Documentary,2022,7.2,723,Tia Lessin,,,United States,155458153,1814346565,,
361,Theodore Roosevelt,,Documentary,2022,8.2,196,Rufus Jones,,,South Korea,231804065,3897805348,,
362,Where the Crawdads Sing,C16,Drama,2022,7.1,4700,Olivia Newman,Delia Owens,Daisy Edgar-Jones,United States,257301380,4457513297,,125
363,Persuasion,PG,Drama,2022,5.6,12000,Carrie Cracknell,Ron Bass,Jane Austen,Canada,57326048,3937925266,,107
364,Amsterdam,,Drama,2022,,,David O. Russell,,,United States,191372309,2375434886,,
365,Crimes of the Future,R,Drama,2022,5.9,14000,David Cronenberg,David Cronenberg,Léa Seydoux,United States,245712671,3488092988,,107
366,Men,R,Drama,2022,6.1,22000,Alex Garland,Alex Garland,Rory Kinnear,United States,68817513,3826161333,,100
367,Les liaisons dangereuses,TV-MA,Drama,2022,3.9,1000,Rachel Suissa,Slimane-Baptiste Berhoun,Rachel Suissa,China,53659375,2176037688,,109
368,Watcher,R,Drama,2022,6.3,11000,Chloe Okuno,Zack Ford,Maika Monroe,China,87502181,2893895295,,91
369,Downton Abbey: A New Era,PG,Drama,2022,7.5,15000,Simon Curtis,Julian Fellowes,Jim Carter,United States,427794944,3371308033,,124
370,Don't Make Me Go,R,Drama,2022,6.4,1300,Hannah Marks,Vera Herbert,Mia Isaac,Canada,439832034,3621404522,,109
371,How to Please a Woman,,Drama,2022,6.1,470,Renée Webster,,,Canada,294918760,2590208429,,
372,Deep Water,R,Drama,2022,5.4,40000,Adrian Lyne,Zach Helm,Patricia Highsmith,China,470703813,3685179266,,115
373,Terror on the Prairie,TV-MA,Drama,2022,5.8,4400,Michael Polish,Josiah Nelson,Nick Searcy,China,271543841,2174663207,,107
374,She Said,,Drama,2022,,,Maria Schrader,,,United States,146359348,2120306306,,
375,Zombies 3,TV-G,Family,2022,5.2,1200,Paul Hoen,David Light,Meg Donnelly,China,353746810,4561526546,,88
376,Secret Headquarters,,Action,2022,,,Henry Joost,,,United States,425267838,2969125358,,
377,Pinocchio,,Adventure,2022,,,Robert Zemeckis,,,United States,133251270,1926422260,,
378,The King's Daughter,PG,Action,2022,5.1,3600,Sean McNamara,Barry Berman,Vonda N. McIntyre,China,449988150,3940702174,,90
379,Three Thousand Years of Longing,R,Drama,2022,5.8,476,George Miller,George Miller,A.S. Byatt,South Korea,151199075,1282080569,,108
380,Jaadugar,TV-14,Comedy,2022,7.1,4100,Sameer Saxena,Biswapati Sarkar,Arushi Sharma,United States,192078686,2593799984,,167
381,Samrat Prithviraj,,Action,2022,6.8,51000,Chandra Prakash Dwivedi,,,South Korea,146184443,3155851617,,
382,Kira & El Gin,Not Rated,Action,2022,8.1,1500,Marwan Hamed,Ahmed Mourad,Ahmed Ezz,United States,56470320,3652187422,,175
383,Against the Ice,TV-MA,Adventure,2022,6.5,21000,Peter Flinth,Nikolaj Coster-Waldau,Ejnar Mikkelsen,United States,126668685,4866058094,,102
384,Ponniyin Selvan: Part One,,Drama,2022,,,Mani Ratnam,,,United States,118180801,547875464,,
385,Mat Kilau,,Action,2022,6.8,796,Syamsul Yusof,,,United States,304188342,788048287,,
386,Corsage,,Biography,2022,7.1,192,Marie Kreutzer,,,Canada,269144592,3693755722,,
387,The Haunting of the Tower of London,,History,2022,6.2,1100,Charlie Steeds,,,South Korea,150248157,973323531,,
388,Incantation,TV-MA,Horror,2022,6.2,5700,Kevin Ko,Che-Wei Chang,Hsuan-yen Tsai,United States,488122748,2954002544,,110
389,Nope,R,Horror,2022,7.6,10000,Jordan Peele,Jordan Peele,Keke Palmer,United States,281124263,3556458247,,130
390,X,R,Horror,2022,6.6,54000,Ti West,Ti West,Jenna Ortega,South Korea,392672612,2577996409,,105
391,Scream,R,Horror,2022,6.4,98000,Matt Bettinelli-Olpin,Tyler Gillett,Guy Busick,United States,167233206,4193957935,,114
392,Barbarian,R,Horror,2022,,,Zach Cregger,Zach Cregger,Bill Skarsgård,United States,57872323,827014314,,102
393,Halloween Ends,,Horror,2022,,,David Gordon Green,,,China,420072789,3287047579,,
394,The Invitation,,Horror,2022,,,Jessica M. Thompson,,,Canada,280790830,2504474382,,
395,Firestarter,C18,Drama,2022,4.6,12000,Keith Thomas,Stephen King,Zac Efron,South Korea,364151608,4179992388,,94
396,Jeepers Creepers: Reborn,,Horror,2022,,,Timo Vuorensola,,,South Korea,166522768,2502435027,,
397,The Reef: Stalked,,Horror,2022,4.6,315,Andrew Traucki,,,South Korea,64763849,2684908674,,
398,Pahanhautoja,,Horror,2022,6.3,4700,Hanna Bergholm,,,Canada,305081394,1935971482,,
399,The Summoned,,Horror,2022,4.2,304,Mark Meir,,,South Korea,319352672,2462424975,,
400,You Won't Be Alone,R,Drama,2022,6.4,4200,Goran Stolevski,Goran Stolevski,Alice Englert,South Korea,416947567,3872825538,,108
401,Prey for the Devil,PG-13,Horror,2022,,,Daniel Stamm,Robert Zappia,Earl Richey Jones,United States,271616468,3577608345,,93
402,Purple Hearts,,Drama,2022,,,Elizabeth Allen Rosenbaum,,,United States,174651272,1102843858,,
403,Metal Lords,R,Comedy,2022,6.7,25000,Peter Sollett,D.B. Weiss,Adrian Greensmith,Canada,131473762,4190450719,,97
404,Studio 666,R,Comedy,2022,5.7,6700,BJ McDonnell,Dave Grohl,Rebecca Hughes,China,470517396,3082450528,,106
405,Press Play,PG-13,Music,2022,5.7,404,Greg Björkman,James Bachelor,Lewis Pullman,South Korea,456101397,2499843510,,85
406,Weird: The Al Yankovic Story,,Biography,2022,,,Eric Appel,,,United States,160149941,3189634173,,
407,I Wanna Dance with Somebody,,Biography,2022,,,Kasi Lemmons,,,China,129265094,508156314,,
408,Peter Pan & Wendy,,Action,2022,,,David Lowery,,,China,77402377,1583434195,,
409,13: The Musical,PG,Comedy,2022,,,Tamra Davis,Jason Robert Brown,Robert Horn,United States,323758381,2545817473,,91
410,Spirited,,Comedy,2022,,,Sean Anders,,,South Korea,110006734,2779559480,,
411,Hollywood Stargirl,PG,Comedy,2022,5.6,831,Julia Hart,Julia Hart,Jerry Spinelli,United States,147319790,2830613772,,105
412,All the Old Knives,R,Mystery,2022,6.1,19000,Janus Metz,Olen Steinhauer,Kasia Madera,Canada,370758697,3871120752,,101
413,Gone in the Night,R,Mystery,2022,6.0,184,Eli Horowitz,Matthew Derby,Winona Ryder,United States,246945170,4335011317,,90
414,The Weekend Away,TV-14,Crime,2022,5.6,23000,Kim Farrant,Sarah Alderson,Christina Wolfe,Canada,269193242,820835445,,89
415,Enola Holmes 2,,Action,2022,,,Harry Bradbeer,,,United States,260534587,3833263768,,
416,No Exit,R,Drama,2022,6.1,21000,Damien Power,Andrew Barrer,Taylor Adams,Canada,467611289,1024244631,,95
417,Operation Romeo,,Drama,2022,6.2,782,Shashant Shah,,,China,425866253,4505391863,,
418,Blackbird,R,Action,2022,5.8,42,Michael Flatley,Michael Flatley,Eric Roberts,South Korea,303646751,4107517123,,90
419,Redeeming Love,PG-13,Drama,2022,6.6,6000,D.J. Caruso,Francine Rivers,Abigail Cowen,China,313393455,3952260865,,134
420,After Ever Happy,,Drama,2022,7.8,101,Castille Landon,,,Canada,412304938,3690557492,,
421,365 Days: This Day,TV-MA,Drama,2022,2.5,17000,Barbara Bialowas,Tomasz Mandes,Blanka Lipinska,United States,96675389,2812332690,,111
422,Asteroid City,,Comedy,2022,,,Wes Anderson,,,China,91799879,2461246123,,
423,A Perfect Pairing,TV-14,Comedy,2022,6.1,9700,Stuart McDonald,Elizabeth Hackett,Victoria Justice,United States,237731479,1494581760,,101
424,Ticket to Paradise,,Comedy,2022,,,Ol Parker,,,United States,269858804,1156586079,,
425,Hurdang,,Drama,2022,5.0,745,Nikhil Bhat,,,South Korea,147321197,819392529,,
426,The Valet,PG-13,Comedy,2022,6.7,11000,Richard Wong,Bob Fisher,Francis Veber,China,168146911,3710498539,,124
427,Dual,R,Sci-Fi,2022,5.8,6000,Riley Stearns,Riley Stearns,Aaron Paul,United States,149710279,2420108288,,94
428,Vlihi,,Short,2022,8.0,103,Yorgos Lanthimos,,,United States,391653847,1833098814,,
429,Beyond Infinity: Buzz and the Journey to Lightyear,TV-G,Documentary,2022,6.2,503,Tony Kaplan,Chris Evans,Pete Docter,United States,477068291,2026313446,,35
430,Aspirational Slut,,Short,2022,5.2,211,Caroline Lindy,,,China,79448328,1847846220,,
431,Avengers: Quantum Encounter,,Short,2022,7.0,17,Danny Handke,,,United States,231462429,1201273681,,
432,Creed III,,Drama,2022,,,Michael B. Jordan,,,South Korea,359732946,2635732621,,
433,Home Team,PG,Comedy,2022,6.0,18000,Charles Kinnane,Daniel Kinnane,Keith Blum,United States,445103917,1084749138,,95
434,Shabaash Mithu,,Biography,2022,6.7,3100,Srijit Mukherji,,,South Korea,154216943,4257461582,,
435,Jersey,,Drama,2022,7.3,11000,Gowtam Tinnanuri,,,Canada,203922434,2351691929,,
436,Bubble,C13,Animation,2022,6.3,4600,Tetsurô Araki,Gen Urobuchi,Naoko Satou,South Korea,63513618,759205635,,100
437,Fast & Feel Love,P,Action,2022,7.0,578,Nawapol Thamrongrattanarit,Nawapol Thamrongrattanarit,Urassaya Sperbund,South Korea,312326494,596562992,,132
438,Fall,PG-13,Thriller,2022,,,Scott Mann,Jonathan Frank,Grace Caroline Currey,United States,255447523,1158347537,,107
439,Hot Seat,R,Thriller,2022,4.6,1500,James Cullen Bressack,Leon Langford,Mel Gibson,United States,213338381,4408113504,,99
440,Don't Worry Darling,,Thriller,2022,,,Olivia Wilde,,,United States,359870368,2673408419,,
441,Runway 34,,Drama,2022,7.1,23000,Ajay Devgn,,,Canada,140384378,637267121,,
442,Svart krabba,TV-MA,Action,2022,5.6,19000,Adam Berg,Adam Berg,Jerker Virdborg,United States,272282923,2927460071,,114
443,White Bird: A Wonder Story,,Biography,2022,,,Marc Forster,,,South Korea,184095748,4106650293,,
444,Devotion,,Action,2022,,,J.D. Dillard,,,China,296949262,4106994426,,
445,Wolf Hound,R,Action,2022,3.8,719,Michael B. Chait,Michael B. Chait,James Maslow,United States,85352250,2755503701,,130
446,Sniper. The White Raven,R,Drama,2022,7.8,75,Marian Bushan,Maryna Koshkina,Aldoshyn Pavlo,South Korea,463902846,2037957584,,120
447,Murder at Yellowstone City,,Western,2022,4.9,650,Richard Gray,,,China,375038286,3897235894,,
448,Django/Zorro,,Adventure,2022,,,Jerrod Carmichael,,,United States,127284083,2976822340,,
449,Young Guns 3: Alias Billy the Kid,,Western,2022,,,Emilio Estevez,,,United States,205266571,1044807063,,
450,Thar,TV-MA,Action,2022,6.0,4800,Raj Singh Chaudhary,Anthony Catino,Yogesh Ishwar,United States,93399345,852623816,,108
451,The Old Way,,Action,2022,,,Brett Donowho,,,United States,122587828,2613479028,,
